,kendall_tau,hamming
in_degree_centrality,-0.025641025641025637,0.07692307692307687
pageRank,-0.15384615384615383,0.23076923076923073
betweenness_centrality,0.07692307692307691,0.23076923076923073
harmonic_centrality,0.10256410256410255,0.3076923076923077
DB,0.12820512820512817,0.23076923076923073
age,-0.10256410256410255,0.07692307692307687
real,0.9999999999999998,1.0
